project-01-graphql-service-1,2.10%,210.2MiB / 7.654GiB,2.68%
project-01-grpc-service-1,0.00%,657.8MiB / 7.654GiB,8.39%
project-01-rest-service-1,0.05%,101MiB / 7.654GiB,1.29%
project-01-db-1,1.61%,44.44MiB / 7.654GiB,0.57%
project-01-graphql-service-1,0.00%,210.2MiB / 7.654GiB,2.68%
project-01-grpc-service-1,0.00%,657.8MiB / 7.654GiB,8.39%
project-01-rest-service-1,0.07%,101MiB / 7.654GiB,1.29%
project-01-db-1,0.00%,44.43MiB / 7.654GiB,0.57%
project-01-graphql-service-1,0.00%,210.2MiB / 7.654GiB,2.68%
project-01-grpc-service-1,0.00%,657.8MiB / 7.654GiB,8.39%
project-01-rest-service-1,0.11%,101MiB / 7.654GiB,1.29%
project-01-db-1,0.17%,44.43MiB / 7.654GiB,0.57%
project-01-graphql-service-1,0.00%,210.2MiB / 7.654GiB,2.68%
project-01-grpc-service-1,0.00%,657.8MiB / 7.654GiB,8.39%
project-01-rest-service-1,0.15%,101MiB / 7.654GiB,1.29%
project-01-db-1,2.36%,44.44MiB / 7.654GiB,0.57%
project-01-graphql-service-1,0.00%,210.2MiB / 7.654GiB,2.68%
project-01-grpc-service-1,0.00%,657.8MiB / 7.654GiB,8.39%
project-01-rest-service-1,0.05%,101MiB / 7.654GiB,1.29%
project-01-db-1,0.05%,44.43MiB / 7.654GiB,0.57%
project-01-graphql-service-1,0.00%,210.2MiB / 7.654GiB,2.68%
project-01-grpc-service-1,0.00%,657.8MiB / 7.654GiB,8.39%
project-01-rest-service-1,0.04%,101MiB / 7.654GiB,1.29%
project-01-db-1,0.00%,44.44MiB / 7.654GiB,0.57%
project-01-graphql-service-1,8.89%,210.2MiB / 7.654GiB,2.68%
project-01-grpc-service-1,2.29%,658MiB / 7.654GiB,8.40%
project-01-rest-service-1,3.75%,101MiB / 7.654GiB,1.29%
project-01-db-1,2.76%,46.11MiB / 7.654GiB,0.59%
project-01-graphql-service-1,7.59%,210.3MiB / 7.654GiB,2.68%
project-01-grpc-service-1,3.08%,657.9MiB / 7.654GiB,8.39%
project-01-rest-service-1,3.60%,101MiB / 7.654GiB,1.29%
project-01-db-1,2.85%,47.77MiB / 7.654GiB,0.61%
project-01-graphql-service-1,8.57%,210.6MiB / 7.654GiB,2.69%
project-01-grpc-service-1,13.85%,658MiB / 7.654GiB,8.40%
project-01-rest-service-1,3.51%,101.8MiB / 7.654GiB,1.30%
project-01-db-1,9.87%,51.09MiB / 7.654GiB,0.65%
project-01-graphql-service-1,9.36%,214.1MiB / 7.654GiB,2.73%
project-01-grpc-service-1,6.78%,658.2MiB / 7.654GiB,8.40%
project-01-rest-service-1,4.51%,101MiB / 7.654GiB,1.29%
project-01-db-1,12.12%,54.46MiB / 7.654GiB,0.69%
project-01-graphql-service-1,15.23%,215MiB / 7.654GiB,2.74%
project-01-grpc-service-1,10.66%,658.5MiB / 7.654GiB,8.40%
project-01-rest-service-1,5.42%,101.1MiB / 7.654GiB,1.29%
project-01-db-1,11.95%,57.41MiB / 7.654GiB,0.73%
project-01-graphql-service-1,14.54%,221.7MiB / 7.654GiB,2.83%
project-01-grpc-service-1,10.09%,658.8MiB / 7.654GiB,8.41%
project-01-rest-service-1,6.21%,101.1MiB / 7.654GiB,1.29%
project-01-db-1,21.33%,60.77MiB / 7.654GiB,0.78%
project-01-graphql-service-1,9.68%,222.6MiB / 7.654GiB,2.84%
project-01-grpc-service-1,10.40%,660MiB / 7.654GiB,8.42%
project-01-rest-service-1,6.22%,101.1MiB / 7.654GiB,1.29%
project-01-db-1,18.02%,62.54MiB / 7.654GiB,0.80%
project-01-graphql-service-1,9.65%,223.7MiB / 7.654GiB,2.85%
project-01-grpc-service-1,11.35%,659.7MiB / 7.654GiB,8.42%
project-01-rest-service-1,6.79%,101.1MiB / 7.654GiB,1.29%
project-01-db-1,21.35%,62.63MiB / 7.654GiB,0.80%
project-01-graphql-service-1,11.28%,235.5MiB / 7.654GiB,3.00%
project-01-grpc-service-1,16.98%,660.3MiB / 7.654GiB,8.43%
project-01-rest-service-1,8.99%,101.1MiB / 7.654GiB,1.29%
project-01-db-1,12.86%,66.07MiB / 7.654GiB,0.84%
project-01-graphql-service-1,26.72%,237.9MiB / 7.654GiB,3.04%
project-01-grpc-service-1,26.23%,661.2MiB / 7.654GiB,8.44%
project-01-rest-service-1,18.92%,105MiB / 7.654GiB,1.34%
project-01-db-1,91.80%,102.1MiB / 7.654GiB,1.30%
project-01-graphql-service-1,22.18%,239.3MiB / 7.654GiB,3.05%
project-01-grpc-service-1,24.82%,670.9MiB / 7.654GiB,8.56%
project-01-rest-service-1,18.46%,105MiB / 7.654GiB,1.34%
project-01-db-1,42.47%,105.5MiB / 7.654GiB,1.35%
project-01-graphql-service-1,25.29%,240MiB / 7.654GiB,3.06%
project-01-grpc-service-1,28.25%,676.8MiB / 7.654GiB,8.64%
project-01-rest-service-1,22.82%,105.4MiB / 7.654GiB,1.34%
project-01-db-1,46.77%,105.5MiB / 7.654GiB,1.35%
project-01-graphql-service-1,108.17%,247.3MiB / 7.654GiB,3.15%
project-01-grpc-service-1,36.20%,678.2MiB / 7.654GiB,8.65%
project-01-rest-service-1,23.40%,109.2MiB / 7.654GiB,1.39%
project-01-db-1,78.72%,103.8MiB / 7.654GiB,1.32%
project-01-graphql-service-1,38.63%,247.4MiB / 7.654GiB,3.16%
project-01-grpc-service-1,44.09%,681.8MiB / 7.654GiB,8.70%
project-01-rest-service-1,34.31%,106MiB / 7.654GiB,1.35%
project-01-db-1,78.29%,120.8MiB / 7.654GiB,1.54%
project-01-graphql-service-1,46.41%,250.8MiB / 7.654GiB,3.20%
project-01-grpc-service-1,105.28%,685.6MiB / 7.654GiB,8.75%
project-01-rest-service-1,35.14%,101.7MiB / 7.654GiB,1.30%
project-01-db-1,147.34%,154.5MiB / 7.654GiB,1.97%
project-01-graphql-service-1,42.15%,259.5MiB / 7.654GiB,3.31%
project-01-grpc-service-1,62.94%,687.9MiB / 7.654GiB,8.78%
project-01-rest-service-1,27.58%,102.6MiB / 7.654GiB,1.31%
project-01-db-1,182.86%,145.9MiB / 7.654GiB,1.86%
project-01-graphql-service-1,0.56%,265.7MiB / 7.654GiB,3.39%
project-01-grpc-service-1,0.00%,703.3MiB / 7.654GiB,8.97%
project-01-rest-service-1,0.46%,97.79MiB / 7.654GiB,1.25%
project-01-db-1,2.27%,147MiB / 7.654GiB,1.88%
project-01-graphql-service-1,3.81%,265.7MiB / 7.654GiB,3.39%
project-01-grpc-service-1,0.00%,703.3MiB / 7.654GiB,8.97%
project-01-rest-service-1,0.24%,97.8MiB / 7.654GiB,1.25%
project-01-db-1,0.43%,146.3MiB / 7.654GiB,1.87%
project-01-graphql-service-1,1.25%,265.7MiB / 7.654GiB,3.39%
project-01-grpc-service-1,0.00%,703.3MiB / 7.654GiB,8.97%
project-01-rest-service-1,0.34%,97.81MiB / 7.654GiB,1.25%
project-01-db-1,1.65%,146.2MiB / 7.654GiB,1.87%
project-01-graphql-service-1,19.75%,265.7MiB / 7.654GiB,3.39%
project-01-grpc-service-1,0.00%,703.3MiB / 7.654GiB,8.97%
project-01-rest-service-1,0.46%,98.32MiB / 7.654GiB,1.25%
project-01-db-1,1.06%,146.4MiB / 7.654GiB,1.87%
project-01-graphql-service-1,0.96%,266.3MiB / 7.654GiB,3.40%
project-01-grpc-service-1,0.00%,703.2MiB / 7.654GiB,8.97%
project-01-rest-service-1,0.83%,97.83MiB / 7.654GiB,1.25%
project-01-db-1,1.87%,146.2MiB / 7.654GiB,1.87%
project-01-graphql-service-1,0.95%,266.6MiB / 7.654GiB,3.40%
project-01-grpc-service-1,0.00%,703.2MiB / 7.654GiB,8.97%
project-01-rest-service-1,0.70%,97.77MiB / 7.654GiB,1.25%
project-01-db-1,2.60%,146.2MiB / 7.654GiB,1.87%
project-01-graphql-service-1,1.11%,266.4MiB / 7.654GiB,3.40%
project-01-grpc-service-1,0.00%,703.2MiB / 7.654GiB,8.97%
project-01-rest-service-1,0.86%,97.71MiB / 7.654GiB,1.25%
project-01-db-1,1.07%,143.1MiB / 7.654GiB,1.83%
project-01-graphql-service-1,3.06%,266.4MiB / 7.654GiB,3.40%
project-01-grpc-service-1,0.00%,703.1MiB / 7.654GiB,8.97%
project-01-rest-service-1,1.26%,98.24MiB / 7.654GiB,1.25%
project-01-db-1,6.98%,90.96MiB / 7.654GiB,1.16%
project-01-graphql-service-1,8.95%,266.4MiB / 7.654GiB,3.40%
project-01-grpc-service-1,0.00%,703.1MiB / 7.654GiB,8.97%
project-01-rest-service-1,7.43%,98.04MiB / 7.654GiB,1.25%
project-01-db-1,2.14%,90.95MiB / 7.654GiB,1.16%
project-01-graphql-service-1,2.20%,266.4MiB / 7.654GiB,3.40%
project-01-grpc-service-1,0.00%,703.1MiB / 7.654GiB,8.97%
project-01-rest-service-1,1.57%,97.83MiB / 7.654GiB,1.25%
project-01-db-1,1.27%,90.95MiB / 7.654GiB,1.16%
project-01-graphql-service-1,5.09%,266.3MiB / 7.654GiB,3.40%
project-01-grpc-service-1,0.00%,703MiB / 7.654GiB,8.97%
project-01-rest-service-1,1.52%,98.37MiB / 7.654GiB,1.26%
project-01-db-1,1.06%,90.96MiB / 7.654GiB,1.16%
project-01-graphql-service-1,3.06%,266.3MiB / 7.654GiB,3.40%
project-01-grpc-service-1,0.00%,702.8MiB / 7.654GiB,8.97%
project-01-rest-service-1,1.35%,97.91MiB / 7.654GiB,1.25%
project-01-db-1,3.92%,91.04MiB / 7.654GiB,1.16%
project-01-graphql-service-1,1.56%,266.4MiB / 7.654GiB,3.40%
project-01-grpc-service-1,0.00%,702.7MiB / 7.654GiB,8.97%
project-01-rest-service-1,1.45%,98.22MiB / 7.654GiB,1.25%
project-01-db-1,1.02%,90.96MiB / 7.654GiB,1.16%
project-01-graphql-service-1,3.07%,266.4MiB / 7.654GiB,3.40%
project-01-grpc-service-1,0.00%,702.5MiB / 7.654GiB,8.96%
project-01-rest-service-1,2.06%,98.01MiB / 7.654GiB,1.25%
project-01-db-1,1.06%,90.97MiB / 7.654GiB,1.16%
project-01-graphql-service-1,3.31%,266.4MiB / 7.654GiB,3.40%
project-01-grpc-service-1,0.00%,702.3MiB / 7.654GiB,8.96%
project-01-rest-service-1,1.35%,98.05MiB / 7.654GiB,1.25%
project-01-db-1,1.02%,90.98MiB / 7.654GiB,1.16%
project-01-graphql-service-1,1.77%,267MiB / 7.654GiB,3.41%
project-01-grpc-service-1,0.00%,702MiB / 7.654GiB,8.96%
project-01-rest-service-1,1.27%,98.12MiB / 7.654GiB,1.25%
project-01-db-1,0.85%,127MiB / 7.654GiB,1.62%
project-01-graphql-service-1,3.81%,266.4MiB / 7.654GiB,3.40%
project-01-grpc-service-1,0.00%,702MiB / 7.654GiB,8.96%
project-01-rest-service-1,1.65%,98.15MiB / 7.654GiB,1.25%
project-01-db-1,2.29%,127MiB / 7.654GiB,1.62%
project-01-graphql-service-1,2.82%,267.4MiB / 7.654GiB,3.41%
project-01-grpc-service-1,0.00%,702MiB / 7.654GiB,8.96%
project-01-rest-service-1,1.54%,98.2MiB / 7.654GiB,1.25%
project-01-db-1,2.25%,127MiB / 7.654GiB,1.62%
project-01-graphql-service-1,4.19%,266.9MiB / 7.654GiB,3.41%
project-01-grpc-service-1,0.00%,702MiB / 7.654GiB,8.96%
project-01-rest-service-1,1.57%,98.24MiB / 7.654GiB,1.25%
project-01-db-1,1.79%,127MiB / 7.654GiB,1.62%
project-01-graphql-service-1,3.37%,266.9MiB / 7.654GiB,3.41%
project-01-grpc-service-1,0.00%,702MiB / 7.654GiB,8.96%
project-01-rest-service-1,1.34%,98.28MiB / 7.654GiB,1.25%
project-01-db-1,1.05%,127MiB / 7.654GiB,1.62%
project-01-graphql-service-1,2.44%,266.9MiB / 7.654GiB,3.41%
project-01-grpc-service-1,0.00%,702MiB / 7.654GiB,8.96%
project-01-rest-service-1,1.41%,98.3MiB / 7.654GiB,1.25%
project-01-db-1,2.22%,127.1MiB / 7.654GiB,1.62%
project-01-graphql-service-1,1.91%,266.9MiB / 7.654GiB,3.41%
project-01-grpc-service-1,0.00%,702MiB / 7.654GiB,8.96%
project-01-rest-service-1,4.26%,98.36MiB / 7.654GiB,1.26%
project-01-db-1,1.94%,127.3MiB / 7.654GiB,1.62%
project-01-graphql-service-1,2.91%,266.8MiB / 7.654GiB,3.40%
project-01-grpc-service-1,0.00%,702MiB / 7.654GiB,8.96%
project-01-rest-service-1,4.00%,98.36MiB / 7.654GiB,1.26%
project-01-db-1,0.91%,92.68MiB / 7.654GiB,1.18%
project-01-graphql-service-1,1.77%,266.9MiB / 7.654GiB,3.40%
project-01-grpc-service-1,0.00%,702MiB / 7.654GiB,8.96%
project-01-rest-service-1,1.01%,98.36MiB / 7.654GiB,1.26%
project-01-db-1,1.52%,92.91MiB / 7.654GiB,1.19%
project-01-graphql-service-1,0.97%,266.8MiB / 7.654GiB,3.40%
project-01-grpc-service-1,0.00%,702MiB / 7.654GiB,8.96%
project-01-rest-service-1,0.13%,98.36MiB / 7.654GiB,1.26%
project-01-db-1,0.03%,92.66MiB / 7.654GiB,1.18%
project-01-graphql-service-1,0.00%,266.8MiB / 7.654GiB,3.40%
project-01-grpc-service-1,0.00%,702MiB / 7.654GiB,8.96%
project-01-rest-service-1,0.19%,98.34MiB / 7.654GiB,1.25%
project-01-db-1,1.39%,93.25MiB / 7.654GiB,1.19%
project-01-graphql-service-1,0.00%,266.8MiB / 7.654GiB,3.40%
project-01-grpc-service-1,0.00%,702MiB / 7.654GiB,8.96%
project-01-rest-service-1,0.04%,98.34MiB / 7.654GiB,1.25%
project-01-db-1,0.13%,92.66MiB / 7.654GiB,1.18%
project-01-graphql-service-1,0.04%,266.8MiB / 7.654GiB,3.40%
project-01-grpc-service-1,0.00%,702MiB / 7.654GiB,8.96%
project-01-rest-service-1,0.21%,98.34MiB / 7.654GiB,1.25%
project-01-db-1,0.00%,92.66MiB / 7.654GiB,1.18%
project-01-graphql-service-1,0.00%,266.8MiB / 7.654GiB,3.40%
project-01-grpc-service-1,0.00%,702MiB / 7.654GiB,8.96%
project-01-rest-service-1,0.13%,98.34MiB / 7.654GiB,1.25%
project-01-db-1,0.00%,92.66MiB / 7.654GiB,1.18%
project-01-graphql-service-1,0.00%,266.8MiB / 7.654GiB,3.40%
project-01-grpc-service-1,3.41%,702MiB / 7.654GiB,8.96%
project-01-rest-service-1,0.25%,98.29MiB / 7.654GiB,1.25%
project-01-db-1,0.00%,92.66MiB / 7.654GiB,1.18%
project-01-graphql-service-1,0.00%,266.8MiB / 7.654GiB,3.40%
project-01-grpc-service-1,0.00%,702MiB / 7.654GiB,8.96%
project-01-rest-service-1,0.11%,98.29MiB / 7.654GiB,1.25%
project-01-db-1,1.19%,91.02MiB / 7.654GiB,1.16%
project-01-graphql-service-1,0.00%,266.8MiB / 7.654GiB,3.40%
project-01-grpc-service-1,0.00%,702MiB / 7.654GiB,8.96%
project-01-rest-service-1,0.24%,98.29MiB / 7.654GiB,1.25%
project-01-db-1,0.02%,89.35MiB / 7.654GiB,1.14%
project-01-graphql-service-1,0.00%,266.8MiB / 7.654GiB,3.40%
project-01-grpc-service-1,0.00%,686.7MiB / 7.654GiB,8.76%
project-01-rest-service-1,0.13%,97.68MiB / 7.654GiB,1.25%
project-01-db-1,0.00%,89.35MiB / 7.654GiB,1.14%
--,--,-- / --,--
--,--,-- / --,--
--,--,-- / --,--
--,--,-- / --,--
--,--,-- / --,--
--,--,-- / --,--
--,--,-- / --,--
--,--,-- / --,--
--,--,-- / --,--
--,--,-- / --,--
--,--,-- / --,--
--,--,-- / --,--
project-01-graphql-service-1,112.61%,512.8MiB / 7.654GiB,6.54%
project-01-grpc-service-1,0.00%,686.6MiB / 7.654GiB,8.76%
project-01-rest-service-1,0.11%,97.39MiB / 7.654GiB,1.24%
project-01-db-1,7.14%,50.4MiB / 7.654GiB,0.64%
project-01-graphql-service-1,118.83%,828.4MiB / 7.654GiB,10.57%
project-01-grpc-service-1,0.19%,686.6MiB / 7.654GiB,8.76%
project-01-rest-service-1,0.23%,97.41MiB / 7.654GiB,1.24%
project-01-db-1,13.28%,50.14MiB / 7.654GiB,0.64%
project-01-graphql-service-1,115.43%,911.1MiB / 7.654GiB,11.62%
project-01-grpc-service-1,0.47%,686.6MiB / 7.654GiB,8.76%
project-01-rest-service-1,0.33%,97.39MiB / 7.654GiB,1.24%
project-01-db-1,11.56%,52.54MiB / 7.654GiB,0.67%
project-01-graphql-service-1,126.59%,968.6MiB / 7.654GiB,12.36%
project-01-grpc-service-1,2.63%,686.7MiB / 7.654GiB,8.76%
project-01-rest-service-1,0.48%,97.4MiB / 7.654GiB,1.24%
project-01-db-1,31.37%,61.25MiB / 7.654GiB,0.78%
project-01-graphql-service-1,120.41%,1.092GiB / 7.654GiB,14.27%
project-01-grpc-service-1,0.46%,686.7MiB / 7.654GiB,8.76%
project-01-rest-service-1,0.49%,97.43MiB / 7.654GiB,1.24%
project-01-db-1,7.83%,62.33MiB / 7.654GiB,0.80%
project-01-graphql-service-1,134.45%,1.133GiB / 7.654GiB,14.81%
project-01-grpc-service-1,0.15%,686.7MiB / 7.654GiB,8.76%
project-01-rest-service-1,0.15%,97.43MiB / 7.654GiB,1.24%
project-01-db-1,18.59%,64.91MiB / 7.654GiB,0.83%
project-01-graphql-service-1,115.97%,1.21GiB / 7.654GiB,15.82%
project-01-grpc-service-1,0.70%,686.7MiB / 7.654GiB,8.76%
project-01-rest-service-1,0.53%,97.94MiB / 7.654GiB,1.25%
project-01-db-1,16.42%,63.87MiB / 7.654GiB,0.81%
project-01-graphql-service-1,110.94%,1.275GiB / 7.654GiB,16.66%
project-01-grpc-service-1,0.00%,686.7MiB / 7.654GiB,8.76%
project-01-rest-service-1,0.16%,97.45MiB / 7.654GiB,1.24%
project-01-db-1,2.60%,65.22MiB / 7.654GiB,0.83%
project-01-graphql-service-1,118.79%,1.199GiB / 7.654GiB,15.66%
project-01-grpc-service-1,0.30%,686.7MiB / 7.654GiB,8.76%
project-01-rest-service-1,0.34%,97.46MiB / 7.654GiB,1.24%
project-01-db-1,11.27%,72.57MiB / 7.654GiB,0.93%
project-01-graphql-service-1,111.95%,1.274GiB / 7.654GiB,16.64%
project-01-grpc-service-1,0.14%,686.7MiB / 7.654GiB,8.76%
project-01-rest-service-1,1.09%,97.47MiB / 7.654GiB,1.24%
project-01-db-1,3.02%,68.93MiB / 7.654GiB,0.88%
project-01-graphql-service-1,112.70%,1.328GiB / 7.654GiB,17.35%
project-01-grpc-service-1,0.01%,686.8MiB / 7.654GiB,8.76%
project-01-rest-service-1,0.33%,97.52MiB / 7.654GiB,1.24%
project-01-db-1,7.75%,79.28MiB / 7.654GiB,1.01%
project-01-graphql-service-1,112.44%,1.242GiB / 7.654GiB,16.23%
project-01-grpc-service-1,0.00%,686.8MiB / 7.654GiB,8.76%
project-01-rest-service-1,0.22%,97.53MiB / 7.654GiB,1.24%
project-01-db-1,8.34%,83.3MiB / 7.654GiB,1.06%
project-01-graphql-service-1,110.71%,1.312GiB / 7.654GiB,17.15%
project-01-grpc-service-1,0.20%,686.8MiB / 7.654GiB,8.76%
project-01-rest-service-1,0.51%,97.53MiB / 7.654GiB,1.24%
project-01-db-1,1.22%,91.19MiB / 7.654GiB,1.16%
project-01-graphql-service-1,338.87%,1.212GiB / 7.654GiB,15.83%
project-01-grpc-service-1,0.51%,668.3MiB / 7.654GiB,8.53%
project-01-rest-service-1,0.92%,97.61MiB / 7.654GiB,1.25%
project-01-db-1,14.58%,87.1MiB / 7.654GiB,1.11%
project-01-graphql-service-1,116.59%,1.276GiB / 7.654GiB,16.67%
project-01-grpc-service-1,9.18%,668.7MiB / 7.654GiB,8.53%
project-01-rest-service-1,3.21%,97.63MiB / 7.654GiB,1.25%
project-01-db-1,39.80%,76.66MiB / 7.654GiB,0.98%
project-01-graphql-service-1,111.40%,1.338GiB / 7.654GiB,17.48%
project-01-grpc-service-1,0.00%,668.4MiB / 7.654GiB,8.53%
project-01-rest-service-1,0.34%,97.89MiB / 7.654GiB,1.25%
project-01-db-1,9.30%,107.8MiB / 7.654GiB,1.38%
project-01-graphql-service-1,129.72%,1.24GiB / 7.654GiB,16.20%
project-01-grpc-service-1,0.00%,668.5MiB / 7.654GiB,8.53%
project-01-rest-service-1,0.29%,98.09MiB / 7.654GiB,1.25%
project-01-db-1,10.98%,100.8MiB / 7.654GiB,1.29%
project-01-graphql-service-1,113.21%,1.298GiB / 7.654GiB,16.95%
project-01-grpc-service-1,5.46%,668.6MiB / 7.654GiB,8.53%
project-01-rest-service-1,5.70%,98.11MiB / 7.654GiB,1.25%
project-01-db-1,28.97%,92.14MiB / 7.654GiB,1.18%
project-01-graphql-service-1,110.64%,1.335GiB / 7.654GiB,17.44%
project-01-grpc-service-1,0.00%,668.6MiB / 7.654GiB,8.53%
project-01-rest-service-1,0.52%,97.95MiB / 7.654GiB,1.25%
project-01-db-1,7.42%,112.1MiB / 7.654GiB,1.43%
project-01-graphql-service-1,113.31%,1.239GiB / 7.654GiB,16.18%
project-01-grpc-service-1,1.69%,668.8MiB / 7.654GiB,8.53%
project-01-rest-service-1,0.81%,99.43MiB / 7.654GiB,1.27%
project-01-db-1,13.74%,108.8MiB / 7.654GiB,1.39%
project-01-graphql-service-1,121.84%,1.287GiB / 7.654GiB,16.81%
project-01-grpc-service-1,1.53%,668.9MiB / 7.654GiB,8.54%
project-01-rest-service-1,0.97%,102.1MiB / 7.654GiB,1.30%
project-01-db-1,25.24%,116.6MiB / 7.654GiB,1.49%
project-01-graphql-service-1,124.99%,1.356GiB / 7.654GiB,17.72%
project-01-grpc-service-1,26.07%,671.8MiB / 7.654GiB,8.57%
project-01-rest-service-1,9.92%,105.6MiB / 7.654GiB,1.35%
project-01-db-1,231.06%,107.3MiB / 7.654GiB,1.37%
project-01-graphql-service-1,115.80%,1.235GiB / 7.654GiB,16.13%
project-01-grpc-service-1,0.10%,671.8MiB / 7.654GiB,8.57%
project-01-rest-service-1,0.89%,106.8MiB / 7.654GiB,1.36%
project-01-db-1,4.81%,127.6MiB / 7.654GiB,1.63%
project-01-graphql-service-1,116.05%,1.297GiB / 7.654GiB,16.95%
project-01-grpc-service-1,0.11%,676.2MiB / 7.654GiB,8.63%
project-01-rest-service-1,2.08%,110.9MiB / 7.654GiB,1.42%
project-01-db-1,16.89%,132.6MiB / 7.654GiB,1.69%
project-01-graphql-service-1,116.77%,1.351GiB / 7.654GiB,17.66%
project-01-grpc-service-1,28.80%,683.9MiB / 7.654GiB,8.73%
project-01-rest-service-1,17.26%,113.8MiB / 7.654GiB,1.45%
project-01-db-1,93.24%,113.7MiB / 7.654GiB,1.45%
project-01-graphql-service-1,118.68%,1.236GiB / 7.654GiB,16.15%
project-01-grpc-service-1,0.11%,684.4MiB / 7.654GiB,8.73%
project-01-rest-service-1,1.30%,113.8MiB / 7.654GiB,1.45%
project-01-db-1,9.71%,133.6MiB / 7.654GiB,1.70%
project-01-graphql-service-1,112.69%,1.304GiB / 7.654GiB,17.04%
project-01-grpc-service-1,0.51%,689.5MiB / 7.654GiB,8.80%
project-01-rest-service-1,1.03%,113.9MiB / 7.654GiB,1.45%
project-01-db-1,10.44%,139.6MiB / 7.654GiB,1.78%
project-01-graphql-service-1,112.63%,1.363GiB / 7.654GiB,17.81%
project-01-grpc-service-1,1.28%,693.7MiB / 7.654GiB,8.85%
project-01-rest-service-1,1.14%,113.9MiB / 7.654GiB,1.45%
project-01-db-1,9.25%,120.8MiB / 7.654GiB,1.54%
project-01-graphql-service-1,111.48%,1.257GiB / 7.654GiB,16.42%
project-01-grpc-service-1,0.00%,693.7MiB / 7.654GiB,8.85%
project-01-rest-service-1,0.87%,113.9MiB / 7.654GiB,1.45%
project-01-db-1,5.74%,130MiB / 7.654GiB,1.66%
project-01-graphql-service-1,129.83%,1.307GiB / 7.654GiB,17.07%
project-01-grpc-service-1,0.53%,705.1MiB / 7.654GiB,9.00%
project-01-rest-service-1,4.27%,113.8MiB / 7.654GiB,1.45%
project-01-db-1,12.55%,129.1MiB / 7.654GiB,1.65%
project-01-graphql-service-1,230.61%,1.359GiB / 7.654GiB,17.75%
project-01-grpc-service-1,1.51%,714.2MiB / 7.654GiB,9.11%
project-01-rest-service-1,2.11%,113.8MiB / 7.654GiB,1.45%
project-01-db-1,24.61%,141MiB / 7.654GiB,1.80%
project-01-graphql-service-1,115.23%,1.282GiB / 7.654GiB,16.75%
project-01-grpc-service-1,31.18%,718.7MiB / 7.654GiB,9.17%
project-01-rest-service-1,8.60%,114.1MiB / 7.654GiB,1.46%
project-01-db-1,104.03%,122.4MiB / 7.654GiB,1.56%
project-01-graphql-service-1,112.34%,1.329GiB / 7.654GiB,17.36%
project-01-grpc-service-1,0.00%,718.8MiB / 7.654GiB,9.17%
project-01-rest-service-1,0.99%,113.9MiB / 7.654GiB,1.45%
project-01-db-1,3.13%,130.6MiB / 7.654GiB,1.67%
project-01-graphql-service-1,247.69%,1.219GiB / 7.654GiB,15.93%
project-01-grpc-service-1,0.00%,729.4MiB / 7.654GiB,9.31%
project-01-rest-service-1,1.26%,115.5MiB / 7.654GiB,1.47%
project-01-db-1,17.13%,169.8MiB / 7.654GiB,2.17%
project-01-graphql-service-1,128.32%,1.282GiB / 7.654GiB,16.75%
project-01-grpc-service-1,68.48%,746.4MiB / 7.654GiB,9.52%
project-01-rest-service-1,46.43%,116MiB / 7.654GiB,1.48%
project-01-db-1,219.65%,141.6MiB / 7.654GiB,1.81%
project-01-graphql-service-1,123.32%,1.311GiB / 7.654GiB,17.13%
project-01-grpc-service-1,0.23%,746.3MiB / 7.654GiB,9.52%
project-01-rest-service-1,1.83%,115.6MiB / 7.654GiB,1.47%
project-01-db-1,7.47%,164.2MiB / 7.654GiB,2.09%
project-01-graphql-service-1,262.29%,1.365GiB / 7.654GiB,17.84%
project-01-grpc-service-1,1.55%,747MiB / 7.654GiB,9.53%
project-01-rest-service-1,1.53%,115.6MiB / 7.654GiB,1.47%
project-01-db-1,27.26%,165.8MiB / 7.654GiB,2.12%
project-01-graphql-service-1,114.54%,1.266GiB / 7.654GiB,16.54%
project-01-grpc-service-1,36.07%,749.6MiB / 7.654GiB,9.56%
project-01-rest-service-1,1.52%,115.7MiB / 7.654GiB,1.48%
project-01-db-1,102.87%,168.4MiB / 7.654GiB,2.15%
project-01-graphql-service-1,125.87%,1.298GiB / 7.654GiB,16.95%
project-01-grpc-service-1,0.59%,754.4MiB / 7.654GiB,9.63%
project-01-rest-service-1,0.52%,115.6MiB / 7.654GiB,1.47%
project-01-db-1,10.93%,161.7MiB / 7.654GiB,2.06%
project-01-graphql-service-1,132.27%,1.354GiB / 7.654GiB,17.69%
project-01-grpc-service-1,0.70%,756.2MiB / 7.654GiB,9.65%
project-01-rest-service-1,0.48%,115.6MiB / 7.654GiB,1.47%
project-01-db-1,26.24%,164.8MiB / 7.654GiB,2.10%
project-01-graphql-service-1,111.78%,1.271GiB / 7.654GiB,16.60%
project-01-grpc-service-1,0.00%,756.2MiB / 7.654GiB,9.65%
project-01-rest-service-1,0.14%,115.6MiB / 7.654GiB,1.47%
project-01-db-1,11.40%,151.1MiB / 7.654GiB,1.93%
project-01-graphql-service-1,122.24%,1.302GiB / 7.654GiB,17.02%
project-01-grpc-service-1,0.29%,756.5MiB / 7.654GiB,9.65%
project-01-rest-service-1,0.14%,115.6MiB / 7.654GiB,1.47%
project-01-db-1,14.07%,129.7MiB / 7.654GiB,1.65%
project-01-graphql-service-1,198.53%,1.36GiB / 7.654GiB,17.77%
project-01-grpc-service-1,0.00%,756.4MiB / 7.654GiB,9.65%
project-01-rest-service-1,0.11%,115.6MiB / 7.654GiB,1.47%
project-01-db-1,20.95%,131.5MiB / 7.654GiB,1.68%
project-01-graphql-service-1,116.60%,1.252GiB / 7.654GiB,16.35%
project-01-grpc-service-1,0.00%,756.4MiB / 7.654GiB,9.65%
project-01-rest-service-1,0.61%,115.6MiB / 7.654GiB,1.47%
project-01-db-1,14.84%,130.2MiB / 7.654GiB,1.66%
project-01-graphql-service-1,120.47%,1.293GiB / 7.654GiB,16.89%
project-01-grpc-service-1,0.00%,756.4MiB / 7.654GiB,9.65%
project-01-rest-service-1,0.10%,115.3MiB / 7.654GiB,1.47%
project-01-db-1,7.93%,130.5MiB / 7.654GiB,1.67%
project-01-graphql-service-1,128.44%,1.352GiB / 7.654GiB,17.66%
project-01-grpc-service-1,0.00%,752.8MiB / 7.654GiB,9.60%
project-01-rest-service-1,0.04%,114.8MiB / 7.654GiB,1.46%
project-01-db-1,14.67%,131.9MiB / 7.654GiB,1.68%
project-01-graphql-service-1,112.93%,1.297GiB / 7.654GiB,16.95%
project-01-grpc-service-1,0.00%,752.7MiB / 7.654GiB,9.60%
project-01-rest-service-1,0.06%,114.8MiB / 7.654GiB,1.46%
project-01-db-1,14.23%,133.5MiB / 7.654GiB,1.70%
--,--,-- / --,--
--,--,-- / --,--
--,--,-- / --,--
--,--,-- / --,--
project-01-graphql-service-1,192.91%,1.285GiB / 7.654GiB,16.79%
project-01-grpc-service-1,0.00%,752.6MiB / 7.654GiB,9.60%
project-01-rest-service-1,0.01%,114.8MiB / 7.654GiB,1.46%
project-01-db-1,8.25%,130MiB / 7.654GiB,1.66%
project-01-graphql-service-1,120.77%,1.409GiB / 7.654GiB,18.41%
project-01-grpc-service-1,0.00%,752.3MiB / 7.654GiB,9.60%
project-01-rest-service-1,0.01%,114.5MiB / 7.654GiB,1.46%
project-01-db-1,17.65%,137.4MiB / 7.654GiB,1.75%
project-01-graphql-service-1,109.34%,1.314GiB / 7.654GiB,17.16%
project-01-grpc-service-1,0.00%,752.3MiB / 7.654GiB,9.60%
project-01-rest-service-1,0.09%,114.5MiB / 7.654GiB,1.46%
project-01-db-1,0.00%,131.2MiB / 7.654GiB,1.67%
project-01-graphql-service-1,114.14%,1.352GiB / 7.654GiB,17.66%
project-01-grpc-service-1,0.00%,752.3MiB / 7.654GiB,9.60%
project-01-rest-service-1,0.01%,114.5MiB / 7.654GiB,1.46%
project-01-db-1,0.77%,129.2MiB / 7.654GiB,1.65%
project-01-graphql-service-1,140.76%,1.401GiB / 7.654GiB,18.30%
project-01-grpc-service-1,0.00%,752.3MiB / 7.654GiB,9.60%
project-01-rest-service-1,0.32%,114.5MiB / 7.654GiB,1.46%
project-01-db-1,30.52%,134.4MiB / 7.654GiB,1.72%
project-01-graphql-service-1,108.18%,1.308GiB / 7.654GiB,17.08%
project-01-grpc-service-1,0.00%,752.3MiB / 7.654GiB,9.60%
project-01-rest-service-1,0.15%,114.5MiB / 7.654GiB,1.46%
project-01-db-1,0.03%,133MiB / 7.654GiB,1.70%
project-01-graphql-service-1,109.66%,1.345GiB / 7.654GiB,17.58%
project-01-grpc-service-1,0.00%,752.3MiB / 7.654GiB,9.60%
project-01-rest-service-1,0.02%,114.5MiB / 7.654GiB,1.46%
project-01-db-1,0.00%,131.4MiB / 7.654GiB,1.68%
project-01-graphql-service-1,137.98%,1.395GiB / 7.654GiB,18.23%
project-01-grpc-service-1,0.00%,752.3MiB / 7.654GiB,9.60%
project-01-rest-service-1,0.12%,114.6MiB / 7.654GiB,1.46%
project-01-db-1,20.75%,135MiB / 7.654GiB,1.72%
project-01-graphql-service-1,106.72%,1.317GiB / 7.654GiB,17.21%
project-01-grpc-service-1,0.00%,752.3MiB / 7.654GiB,9.60%
project-01-rest-service-1,0.16%,114.6MiB / 7.654GiB,1.46%
project-01-db-1,3.15%,137.4MiB / 7.654GiB,1.75%
project-01-graphql-service-1,112.13%,1.353GiB / 7.654GiB,17.68%
project-01-grpc-service-1,0.00%,752.3MiB / 7.654GiB,9.60%
project-01-rest-service-1,0.22%,114.6MiB / 7.654GiB,1.46%
project-01-db-1,9.13%,140MiB / 7.654GiB,1.79%
project-01-graphql-service-1,164.83%,1.395GiB / 7.654GiB,18.23%
project-01-grpc-service-1,0.00%,752.3MiB / 7.654GiB,9.60%
project-01-rest-service-1,0.44%,114.6MiB / 7.654GiB,1.46%
project-01-db-1,5.29%,139.1MiB / 7.654GiB,1.78%
project-01-graphql-service-1,129.33%,1.335GiB / 7.654GiB,17.45%
project-01-grpc-service-1,0.00%,752.3MiB / 7.654GiB,9.60%
project-01-rest-service-1,0.33%,114.6MiB / 7.654GiB,1.46%
project-01-db-1,29.29%,142.2MiB / 7.654GiB,1.81%
project-01-graphql-service-1,110.98%,1.366GiB / 7.654GiB,17.85%
project-01-grpc-service-1,0.00%,752.3MiB / 7.654GiB,9.60%
project-01-rest-service-1,0.46%,114.6MiB / 7.654GiB,1.46%
project-01-db-1,9.81%,143.6MiB / 7.654GiB,1.83%
project-01-graphql-service-1,250.19%,1.296GiB / 7.654GiB,16.93%
project-01-grpc-service-1,0.00%,752.3MiB / 7.654GiB,9.60%
project-01-rest-service-1,0.76%,114.9MiB / 7.654GiB,1.47%
project-01-db-1,13.42%,146MiB / 7.654GiB,1.86%
project-01-graphql-service-1,122.70%,1.336GiB / 7.654GiB,17.46%
project-01-grpc-service-1,0.00%,752.3MiB / 7.654GiB,9.60%
project-01-rest-service-1,0.50%,114.7MiB / 7.654GiB,1.46%
project-01-db-1,10.26%,145.1MiB / 7.654GiB,1.85%
project-01-graphql-service-1,124.93%,1.391GiB / 7.654GiB,18.18%
project-01-grpc-service-1,0.00%,752.3MiB / 7.654GiB,9.60%
project-01-rest-service-1,2.30%,114.5MiB / 7.654GiB,1.46%
project-01-db-1,45.56%,62.75MiB / 7.654GiB,0.80%
project-01-graphql-service-1,110.48%,1.306GiB / 7.654GiB,17.06%
project-01-grpc-service-1,0.00%,665.6MiB / 7.654GiB,8.49%
project-01-rest-service-1,0.28%,114.5MiB / 7.654GiB,1.46%
project-01-db-1,14.21%,63.54MiB / 7.654GiB,0.81%
project-01-graphql-service-1,105.85%,1.35GiB / 7.654GiB,17.63%
project-01-grpc-service-1,0.00%,665.6MiB / 7.654GiB,8.49%
project-01-rest-service-1,0.29%,114.5MiB / 7.654GiB,1.46%
project-01-db-1,3.43%,61.55MiB / 7.654GiB,0.79%
project-01-graphql-service-1,110.51%,1.394GiB / 7.654GiB,18.21%
project-01-grpc-service-1,0.19%,665.6MiB / 7.654GiB,8.49%
project-01-rest-service-1,1.72%,114.5MiB / 7.654GiB,1.46%
project-01-db-1,15.86%,61.56MiB / 7.654GiB,0.79%
project-01-graphql-service-1,131.92%,1.313GiB / 7.654GiB,17.15%
project-01-grpc-service-1,0.83%,665.6MiB / 7.654GiB,8.49%
project-01-rest-service-1,0.50%,114.5MiB / 7.654GiB,1.46%
project-01-db-1,33.61%,62.91MiB / 7.654GiB,0.80%
project-01-graphql-service-1,108.26%,1.355GiB / 7.654GiB,17.70%
project-01-grpc-service-1,0.00%,665.6MiB / 7.654GiB,8.49%
project-01-rest-service-1,0.36%,114.5MiB / 7.654GiB,1.46%
project-01-db-1,7.17%,61.72MiB / 7.654GiB,0.79%
project-01-graphql-service-1,110.32%,1.391GiB / 7.654GiB,18.17%
project-01-grpc-service-1,0.00%,665.6MiB / 7.654GiB,8.49%
project-01-rest-service-1,0.37%,114.6MiB / 7.654GiB,1.46%
project-01-db-1,7.07%,64.3MiB / 7.654GiB,0.82%
project-01-graphql-service-1,111.30%,1.305GiB / 7.654GiB,17.06%
project-01-grpc-service-1,0.00%,665.6MiB / 7.654GiB,8.49%
project-01-rest-service-1,0.18%,114.6MiB / 7.654GiB,1.46%
project-01-db-1,2.26%,57.22MiB / 7.654GiB,0.73%
project-01-graphql-service-1,130.52%,1.348GiB / 7.654GiB,17.61%
project-01-grpc-service-1,0.14%,665.6MiB / 7.654GiB,8.49%
project-01-rest-service-1,0.91%,114.6MiB / 7.654GiB,1.46%
project-01-db-1,22.78%,60.48MiB / 7.654GiB,0.77%
project-01-graphql-service-1,111.64%,1.392GiB / 7.654GiB,18.18%
project-01-grpc-service-1,0.26%,665.6MiB / 7.654GiB,8.49%
project-01-rest-service-1,1.44%,114.7MiB / 7.654GiB,1.46%
project-01-db-1,33.66%,64.99MiB / 7.654GiB,0.83%
project-01-graphql-service-1,112.44%,1.312GiB / 7.654GiB,17.15%
project-01-grpc-service-1,0.57%,667.7MiB / 7.654GiB,8.52%
project-01-rest-service-1,2.35%,114.7MiB / 7.654GiB,1.46%
project-01-db-1,29.05%,65.56MiB / 7.654GiB,0.84%
project-01-graphql-service-1,144.01%,1.348GiB / 7.654GiB,17.61%
project-01-grpc-service-1,0.86%,667.8MiB / 7.654GiB,8.52%
project-01-rest-service-1,2.23%,114.7MiB / 7.654GiB,1.46%
project-01-db-1,34.61%,64.46MiB / 7.654GiB,0.82%
project-01-graphql-service-1,123.39%,1.403GiB / 7.654GiB,18.33%
project-01-grpc-service-1,0.32%,669.8MiB / 7.654GiB,8.55%
project-01-rest-service-1,1.29%,114.8MiB / 7.654GiB,1.46%
project-01-db-1,34.70%,67.95MiB / 7.654GiB,0.87%
project-01-graphql-service-1,110.65%,1.325GiB / 7.654GiB,17.32%
project-01-grpc-service-1,0.28%,669.9MiB / 7.654GiB,8.55%
project-01-rest-service-1,1.03%,114.8MiB / 7.654GiB,1.46%
project-01-db-1,29.21%,68.64MiB / 7.654GiB,0.88%
project-01-graphql-service-1,108.08%,1.363GiB / 7.654GiB,17.81%
project-01-grpc-service-1,0.36%,670MiB / 7.654GiB,8.55%
project-01-rest-service-1,1.10%,114.8MiB / 7.654GiB,1.47%
project-01-db-1,18.86%,63.52MiB / 7.654GiB,0.81%
project-01-graphql-service-1,12.53%,1.38GiB / 7.654GiB,18.03%
project-01-grpc-service-1,38.91%,693.3MiB / 7.654GiB,8.85%
project-01-rest-service-1,46.25%,118MiB / 7.654GiB,1.51%
project-01-db-1,702.76%,245.4MiB / 7.654GiB,3.13%
project-01-graphql-service-1,12.56%,1.38GiB / 7.654GiB,18.03%
project-01-grpc-service-1,22.06%,706MiB / 7.654GiB,9.01%
project-01-rest-service-1,96.56%,148.4MiB / 7.654GiB,1.89%
project-01-db-1,672.20%,247.7MiB / 7.654GiB,3.16%
project-01-graphql-service-1,15.30%,1.38GiB / 7.654GiB,18.03%
project-01-grpc-service-1,54.89%,718.6MiB / 7.654GiB,9.17%
project-01-rest-service-1,118.77%,148.3MiB / 7.654GiB,1.89%
project-01-db-1,794.04%,245.2MiB / 7.654GiB,3.13%
project-01-graphql-service-1,14.35%,1.38GiB / 7.654GiB,18.03%
project-01-grpc-service-1,17.98%,732.7MiB / 7.654GiB,9.35%
project-01-rest-service-1,99.21%,153MiB / 7.654GiB,1.95%
project-01-db-1,637.19%,237.2MiB / 7.654GiB,3.03%
project-01-graphql-service-1,21.39%,1.38GiB / 7.654GiB,18.03%
project-01-grpc-service-1,22.66%,747.2MiB / 7.654GiB,9.53%
project-01-rest-service-1,104.70%,182MiB / 7.654GiB,2.32%
project-01-db-1,641.72%,226.7MiB / 7.654GiB,2.89%
project-01-graphql-service-1,14.39%,1.381GiB / 7.654GiB,18.04%
project-01-grpc-service-1,19.70%,765MiB / 7.654GiB,9.76%
project-01-rest-service-1,110.68%,172.9MiB / 7.654GiB,2.21%
project-01-db-1,626.02%,218.5MiB / 7.654GiB,2.79%
project-01-graphql-service-1,26.12%,1.38GiB / 7.654GiB,18.03%
project-01-grpc-service-1,21.23%,785.1MiB / 7.654GiB,10.02%
project-01-rest-service-1,167.59%,181.3MiB / 7.654GiB,2.31%
project-01-db-1,694.66%,231.9MiB / 7.654GiB,2.96%
project-01-graphql-service-1,19.02%,1.38GiB / 7.654GiB,18.03%
project-01-grpc-service-1,15.96%,790.5MiB / 7.654GiB,10.09%
project-01-rest-service-1,137.71%,195.4MiB / 7.654GiB,2.49%
project-01-db-1,669.88%,227.1MiB / 7.654GiB,2.90%
project-01-graphql-service-1,18.55%,1.381GiB / 7.654GiB,18.04%
project-01-grpc-service-1,42.14%,795MiB / 7.654GiB,10.14%
project-01-rest-service-1,23.22%,198.5MiB / 7.654GiB,2.53%
project-01-db-1,730.13%,190.5MiB / 7.654GiB,2.43%
project-01-graphql-service-1,16.20%,1.381GiB / 7.654GiB,18.04%
project-01-grpc-service-1,25.35%,794.7MiB / 7.654GiB,10.14%
project-01-rest-service-1,97.21%,198.6MiB / 7.654GiB,2.53%
project-01-db-1,663.17%,228.4MiB / 7.654GiB,2.91%
project-01-graphql-service-1,15.27%,1.38GiB / 7.654GiB,18.04%
project-01-grpc-service-1,50.66%,796.1MiB / 7.654GiB,10.16%
project-01-rest-service-1,21.24%,198.6MiB / 7.654GiB,2.53%
project-01-db-1,633.75%,164.4MiB / 7.654GiB,2.10%
project-01-graphql-service-1,0.00%,1.38GiB / 7.654GiB,18.03%
project-01-grpc-service-1,0.05%,789.6MiB / 7.654GiB,10.08%
project-01-rest-service-1,0.10%,197.9MiB / 7.654GiB,2.53%
project-01-db-1,0.19%,160.5MiB / 7.654GiB,2.05%
